
DELETE FROM date;
DELETE FROM reservation;
DELETE FROM room;
DELETE FROM person;
DELETE FROM hotel;

INSERT INTO person (id, login, name, password, permissions, surname) VALUES
(1, 'user', 'user','password','USER','user'),
(2,'admin', 'admin', 'admin','ADMIN','admin');

INSERT INTO hotel (id,name) VALUES
(1,'Hotel 1*'),
(2,'Hotel 2*'),
(3,'Hotel 3*'),
(4,'Hotel 4*'),
(5,'Hotel 5*');

INSERT INTO room (id,hotel_id,number,city,description,street) VALUES
(1,1,1,'City1','Beuty room with view on city','new'),
(2,1,2,'City1','Beuty room with view on beach','new'),
(3,1,3,'City1','Beuty room without view','new'),
(4,1,4,'City1','Beuty room with view on river','new'),
(5,1,5,'City1','Modern room with view on city','new'),
(6,1,6,'City1','Modern room with view on river','new'),
(7,2,1,'City2','Industrial room with view on city','old'),
(8,2,2,'City2','Beuty room with view on city','old'),
(9,2,3,'City2','Beuty room with view on city','old'),
(10,3,1,'City3','Beuty room with view on city','old'),
(11,3,2,'City3','Beuty room with view on city','old'),
(12,3,3,'City3','Beuty room with view on city','old'),
(13,4,1,'City3','Beuty room with view on city','modern'),
(14,4,2,'City3','Beuty room with view on city','modern'),
(15,4,3,'City3','Beuty room with view on city','modern'),
(16,4,4,'City3','Beuty room with view on city','modern'),
(17,5,1,'City4','Beuty room with view on city','kingstreet'),
(18,5,2,'City4','Beuty room with view on city','kingstreet'),
(19,5,3,'City4','Beuty room with view on city','kingstreet');

INSERT INTO reservation (id,prize,person_id,status_reservation) VALUES
(1,100,1,'NEWPAID'),
(2,200,1,'NEWUNPAID'),
(3,200,1,'CONFIRMED'),
(4,500,1,'CANCELLED'),
(5,100,1,'DURINGDATE'),
(6,300,1,'FINISED');

INSERT INTO hotel.date (id,date,reservation_id,room_id) VALUES
                                                            (1,date('2024-01-01'),null,1),
                                                            (2,date('2024-01-02'),null,1),
                                                            (3,date('2024-01-03'),1,1),
                                                            (4,date('2024-01-04'),1,1),
                                                            (5,date('2024-01-05'),1,1),
                                                            (6,date('2024-01-06'),null,1),
                                                            (7,date('2024-01-07'),null,1),
                                                            (8,date('2024-01-08'),null,1),
                                                            (9,date('2024-01-09'),null,1),
                                                            (10,date('2024-01-10'),null,1),
                                                            (11,date('2024-01-11'),null,1),
                                                            (12,date('2024-01-12'),null,1),
                                                            (13,date('2024-01-13'),null,1),
                                                            (14,date('2024-01-14'),null,1),
                                                            (15,date('2024-01-15'),null,1),
                                                            (16,date('2024-01-16'),null,1),
                                                            (17,date('2024-01-17'),null,1),
                                                            (18,date('2024-01-18'),null,1),
                                                            (19,date('2024-01-19'),null,1),
                                                            (20,date('2024-01-20'),null,1),
                                                            (21,date('2024-01-21'),null,1),
                                                            (22,date('2024-01-22'),4,1),
                                                            (23,date('2024-01-23'),4,1),
                                                            (24,date('2024-01-24'),null,1),
                                                            (25,date('2024-01-25'),null,1),
                                                            (26,date('2024-01-26'),null,1),
                                                            (27,date('2024-01-27'),null,1),
                                                            (28,date('2024-01-28'),null,1),
                                                            (29,date('2024-01-29'),null,1),
                                                            (30,date('2024-01-30'),null,1),
                                                            (31,date('2024-01-31'),null,1),
                                                            (32,date('2024-01-01'),2,2),
                                                            (33,date('2024-01-02'),2,2),
                                                            (34,date('2024-01-03'),2,2),
                                                            (35,date('2024-01-04'),null,2),
                                                            (36,date('2024-01-05'),null,2),
                                                            (37,date('2024-01-06'),null,2),
                                                            (38,date('2024-01-07'),null,2),
                                                            (39,date('2024-01-08'),null,2),
                                                            (40,date('2024-01-09'),null,2),
                                                            (41,date('2024-01-10'),null,2),
                                                            (42,date('2024-01-11'),null,2),
                                                            (43,date('2024-01-12'),null,2),
                                                            (44,date('2024-01-13'),null,2),
                                                            (45,date('2024-01-14'),null,2),
                                                            (46,date('2024-01-15'),null,2),
                                                            (47,date('2024-01-16'),null,2),
                                                            (48,date('2024-01-17'),null,2),
                                                            (49,date('2024-01-18'),null,2),
                                                            (50,date('2024-01-19'),null,2),
                                                            (51,date('2024-01-20'),null,2),
                                                            (52,date('2024-01-21'),null,2),
                                                            (53,date('2024-01-22'),null,2),
                                                            (54,date('2024-01-23'),null,2),
                                                            (55,date('2024-01-24'),null,2),
                                                            (56,date('2024-01-25'),null,2),
                                                            (57,date('2024-01-26'),null,2),
                                                            (58,date('2024-01-27'),null,2),
                                                            (59,date('2024-01-28'),null,2),
                                                            (60,date('2024-01-29'),null,2),
                                                            (61,date('2024-01-30'),null,2),
                                                            (62,date('2024-01-31'),null,2),
                                                            (63,date('2024-01-01'),null,3),
                                                            (64,date('2024-01-02'),null,3),
                                                            (65,date('2024-01-03'),null,3),
                                                            (66,date('2024-01-04'),null,3),
                                                            (67,date('2024-01-05'),null,3),
                                                            (68,date('2024-01-06'),null,3),
                                                            (69,date('2024-01-07'),null,3),
                                                            (70,date('2024-01-08'),null,3),
                                                            (71,date('2024-01-09'),null,3),
                                                            (72,date('2024-01-10'),null,3),
                                                            (73,date('2024-01-11'),null,3),
                                                            (74,date('2024-01-12'),null,3),
                                                            (75,date('2024-01-13'),null,3),
                                                            (76,date('2024-01-14'),null,3),
                                                            (77,date('2024-01-15'),null,3),
                                                            (78,date('2024-01-16'),null,3),
                                                            (79,date('2024-01-17'),null,3),
                                                            (80,date('2024-01-18'),null,3),
                                                            (81,date('2024-01-19'),null,3),
                                                            (82,date('2024-01-20'),null,3),
                                                            (83,date('2024-01-21'),null,3),
                                                            (84,date('2024-01-22'),null,3),
                                                            (85,date('2024-01-23'),null,3),
                                                            (86,date('2024-01-24'),null,3),
                                                            (87,date('2024-01-25'),null,3),
                                                            (88,date('2024-01-26'),null,3),
                                                            (89,date('2024-01-27'),null,3),
                                                            (90,date('2024-01-28'),null,3),
                                                            (91,date('2024-01-29'),null,3),
                                                            (92,date('2024-01-30'),null,3),
                                                            (93,date('2024-01-31'),null,3),
                                                            (94,date('2024-01-01'),null,4),
                                                            (95,date('2024-01-02'),null,4),
                                                            (96,date('2024-01-03'),null,4),
                                                            (97,date('2024-01-04'),null,4),
                                                            (98,date('2024-01-05'),null,4),
                                                            (99,date('2024-01-06'),null,4),
                                                            (100,date('2024-01-07'),null,4),
                                                            (101,date('2024-01-08'),null,4),
                                                            (102,date('2024-01-09'),null,4),
                                                            (103,date('2024-01-10'),null,4),
                                                            (104,date('2024-01-11'),null,4),
                                                            (105,date('2024-01-12'),null,4),
                                                            (106,date('2024-01-13'),null,4),
                                                            (107,date('2024-01-14'),null,4),
                                                            (108,date('2024-01-15'),null,4),
                                                            (109,date('2024-01-16'),null,4),
                                                            (110,date('2024-01-17'),null,4),
                                                            (111,date('2024-01-18'),null,4),
                                                            (112,date('2024-01-19'),null,4),
                                                            (113,date('2024-01-20'),null,4),
                                                            (114,date('2024-01-21'),null,4),
                                                            (115,date('2024-01-22'),null,4),
                                                            (116,date('2024-01-23'),null,4),
                                                            (117,date('2024-01-24'),null,4),
                                                            (118,date('2024-01-25'),null,4),
                                                            (119,date('2024-01-26'),null,4),
                                                            (120,date('2024-01-27'),null,4),
                                                            (121,date('2024-01-28'),null,4),
                                                            (122,date('2024-01-29'),null,4),
                                                            (123,date('2024-01-30'),null,4),
                                                            (124,date('2024-01-31'),null,4),
                                                            (125,date('2024-01-01'),null,5),
                                                            (126,date('2024-01-02'),null,5),
                                                            (127,date('2024-01-03'),3,5),
                                                            (128,date('2024-01-04'),3,5),
                                                            (129,date('2024-01-05'),3,5),
                                                            (130,date('2024-01-06'),null,5),
                                                            (131,date('2024-01-07'),null,5),
                                                            (132,date('2024-01-08'),null,5),
                                                            (133,date('2024-01-09'),null,5),
                                                            (134,date('2024-01-10'),null,5),
                                                            (135,date('2024-01-11'),null,5),
                                                            (136,date('2024-01-12'),null,5),
                                                            (137,date('2024-01-13'),null,5),
                                                            (138,date('2024-01-14'),null,5),
                                                            (139,date('2024-01-15'),null,5),
                                                            (140,date('2024-01-16'),null,5),
                                                            (141,date('2024-01-17'),null,5),
                                                            (142,date('2024-01-18'),null,5),
                                                            (143,date('2024-01-19'),null,5),
                                                            (144,date('2024-01-20'),null,5),
                                                            (145,date('2024-01-21'),null,5),
                                                            (146,date('2024-01-22'),null,5),
                                                            (147,date('2024-01-23'),null,5),
                                                            (148,date('2024-01-24'),null,5),
                                                            (149,date('2024-01-25'),null,5),
                                                            (150,date('2024-01-26'),null,5),
                                                            (151,date('2024-01-27'),null,5),
                                                            (152,date('2024-01-28'),null,5),
                                                            (153,date('2024-01-29'),null,5),
                                                            (154,date('2024-01-30'),null,5),
                                                            (155,date('2024-01-31'),null,5),
                                                            (156,date('2024-01-01'),null,6),
                                                            (157,date('2024-01-02'),null,6),
                                                            (158,date('2024-01-03'),null,6),
                                                            (159,date('2024-01-04'),null,6),
                                                            (160,date('2024-01-05'),null,6),
                                                            (161,date('2024-01-06'),null,6),
                                                            (162,date('2024-01-07'),null,6),
                                                            (163,date('2024-01-08'),null,6),
                                                            (164,date('2024-01-09'),null,6),
                                                            (165,date('2024-01-10'),null,6),
                                                            (166,date('2024-01-11'),null,6),
                                                            (167,date('2024-01-12'),null,6),
                                                            (168,date('2024-01-13'),null,6),
                                                            (169,date('2024-01-14'),null,6),
                                                            (170,date('2024-01-15'),null,6),
                                                            (171,date('2024-01-16'),null,6),
                                                            (172,date('2024-01-17'),null,6),
                                                            (173,date('2024-01-18'),null,6),
                                                            (174,date('2024-01-19'),null,6),
                                                            (175,date('2024-01-20'),null,6),
                                                            (176,date('2024-01-21'),null,6),
                                                            (177,date('2024-01-22'),null,6),
                                                            (178,date('2024-01-23'),null,6),
                                                            (179,date('2024-01-24'),null,6),
                                                            (180,date('2024-01-25'),null,6),
                                                            (181,date('2024-01-26'),null,6),
                                                            (182,date('2024-01-27'),null,6),
                                                            (183,date('2024-01-28'),null,6),
                                                            (184,date('2024-01-29'),null,6),
                                                            (185,date('2024-01-30'),null,6),
                                                            (186,date('2024-01-31'),null,6),
                                                            (187,date('2024-01-01'),null,7),
                                                            (188,date('2024-01-02'),null,7),
                                                            (189,date('2024-01-03'),null,7),
                                                            (190,date('2024-01-04'),null,7),
                                                            (191,date('2024-01-05'),null,7),
                                                            (192,date('2024-01-06'),null,7),
                                                            (193,date('2024-01-07'),null,7),
                                                            (194,date('2024-01-08'),null,7),
                                                            (195,date('2024-01-09'),null,7),
                                                            (196,date('2024-01-10'),null,7),
                                                            (197,date('2024-01-11'),null,7),
                                                            (198,date('2024-01-12'),null,7),
                                                            (199,date('2024-01-13'),null,7),
                                                            (200,date('2024-01-14'),null,7),
                                                            (201,date('2024-01-15'),null,7),
                                                            (202,date('2024-01-16'),null,7),
                                                            (203,date('2024-01-17'),null,7),
                                                            (204,date('2024-01-18'),null,7),
                                                            (205,date('2024-01-19'),null,7),
                                                            (206,date('2024-01-20'),null,7),
                                                            (207,date('2024-01-21'),null,7),
                                                            (208,date('2024-01-22'),null,7),
                                                            (209,date('2024-01-23'),null,7),
                                                            (210,date('2024-01-24'),null,7),
                                                            (211,date('2024-01-25'),null,7),
                                                            (212,date('2024-01-26'),null,7),
                                                            (213,date('2024-01-27'),null,7),
                                                            (214,date('2024-01-28'),null,7),
                                                            (215,date('2024-01-29'),null,7),
                                                            (216,date('2024-01-30'),null,7),
                                                            (217,date('2024-01-31'),null,7),
                                                            (218,date('2024-01-01'),null,8),
                                                            (219,date('2024-01-02'),null,8),
                                                            (220,date('2024-01-03'),null,8),
                                                            (221,date('2024-01-04'),null,8),
                                                            (222,date('2024-01-05'),null,8),
                                                            (223,date('2024-01-06'),null,8),
                                                            (224,date('2024-01-07'),null,8),
                                                            (225,date('2024-01-08'),null,8),
                                                            (226,date('2024-01-09'),null,8),
                                                            (227,date('2024-01-10'),null,8),
                                                            (228,date('2024-01-11'),null,8),
                                                            (229,date('2024-01-12'),null,8),
                                                            (230,date('2024-01-13'),null,8),
                                                            (231,date('2024-01-14'),null,8),
                                                            (232,date('2024-01-15'),null,8),
                                                            (233,date('2024-01-16'),null,8),
                                                            (234,date('2024-01-17'),null,8),
                                                            (235,date('2024-01-18'),null,8),
                                                            (236,date('2024-01-19'),null,8),
                                                            (237,date('2024-01-20'),null,8),
                                                            (238,date('2024-01-21'),null,8),
                                                            (239,date('2024-01-22'),null,8),
                                                            (240,date('2024-01-23'),null,8),
                                                            (241,date('2024-01-24'),null,8),
                                                            (242,date('2024-01-25'),null,8),
                                                            (243,date('2024-01-26'),null,8),
                                                            (244,date('2024-01-27'),null,8),
                                                            (245,date('2024-01-28'),null,8),
                                                            (246,date('2024-01-29'),null,8),
                                                            (247,date('2024-01-30'),null,8),
                                                            (248,date('2024-01-31'),null,8),
                                                            (249,date('2024-01-01'),null,9),
                                                            (250,date('2024-01-02'),null,9),
                                                            (251,date('2024-01-03'),null,9),
                                                            (252,date('2024-01-04'),null,9),
                                                            (253,date('2024-01-05'),null,9),
                                                            (254,date('2024-01-06'),null,9),
                                                            (255,date('2024-01-07'),null,9),
                                                            (256,date('2024-01-08'),null,9),
                                                            (257,date('2024-01-09'),null,9),
                                                            (258,date('2024-01-10'),null,9),
                                                            (259,date('2024-01-11'),null,9),
                                                            (260,date('2024-01-12'),null,9),
                                                            (261,date('2024-01-13'),null,9),
                                                            (262,date('2024-01-14'),null,9),
                                                            (263,date('2024-01-15'),null,9),
                                                            (264,date('2024-01-16'),null,9),
                                                            (265,date('2024-01-17'),null,9),
                                                            (266,date('2024-01-18'),null,9),
                                                            (267,date('2024-01-19'),null,9),
                                                            (268,date('2024-01-20'),null,9),
                                                            (269,date('2024-01-21'),null,9),
                                                            (270,date('2024-01-22'),null,9),
                                                            (271,date('2024-01-23'),null,9),
                                                            (272,date('2024-01-24'),null,9),
                                                            (273,date('2024-01-25'),null,9),
                                                            (274,date('2024-01-26'),null,9),
                                                            (275,date('2024-01-27'),null,9),
                                                            (276,date('2024-01-28'),null,9),
                                                            (277,date('2024-01-29'),null,9),
                                                            (278,date('2024-01-30'),null,9),
                                                            (279,date('2024-01-31'),null,9),
                                                            (280,date('2024-01-01'),null,10),
                                                            (281,date('2024-01-02'),null,10),
                                                            (282,date('2024-01-03'),null,10),
                                                            (283,date('2024-01-04'),null,10),
                                                            (284,date('2024-01-05'),null,10),
                                                            (285,date('2024-01-06'),null,10),
                                                            (286,date('2024-01-07'),null,10),
                                                            (287,date('2024-01-08'),null,10),
                                                            (288,date('2024-01-09'),null,10),
                                                            (289,date('2024-01-10'),null,10),
                                                            (290,date('2024-01-11'),null,10),
                                                            (291,date('2024-01-12'),null,10),
                                                            (292,date('2024-01-13'),null,10),
                                                            (293,date('2024-01-14'),null,10),
                                                            (294,date('2024-01-15'),null,10),
                                                            (295,date('2024-01-16'),null,10),
                                                            (296,date('2024-01-17'),null,10),
                                                            (297,date('2024-01-18'),null,10),
                                                            (298,date('2024-01-19'),null,10),
                                                            (299,date('2024-01-20'),null,10),
                                                            (300,date('2024-01-21'),null,10),
                                                            (301,date('2024-01-22'),null,10),
                                                            (302,date('2024-01-23'),null,10),
                                                            (303,date('2024-01-24'),null,10),
                                                            (304,date('2024-01-25'),null,10),
                                                            (305,date('2024-01-26'),null,10),
                                                            (306,date('2024-01-27'),null,10),
                                                            (307,date('2024-01-28'),null,10),
                                                            (308,date('2024-01-29'),null,10),
                                                            (309,date('2024-01-30'),null,10),
                                                            (310,date('2024-01-31'),null,10),
                                                            (311,date('2024-01-01'),null,11),
                                                            (312,date('2024-01-02'),null,11),
                                                            (313,date('2024-01-03'),null,11),
                                                            (314,date('2024-01-04'),null,11),
                                                            (315,date('2024-01-05'),null,11),
                                                            (316,date('2024-01-06'),null,11),
                                                            (317,date('2024-01-07'),null,11),
                                                            (318,date('2024-01-08'),null,11),
                                                            (319,date('2024-01-09'),null,11),
                                                            (320,date('2024-01-10'),null,11),
                                                            (321,date('2024-01-11'),null,11),
                                                            (322,date('2024-01-12'),null,11),
                                                            (323,date('2024-01-13'),null,11),
                                                            (324,date('2024-01-14'),null,11),
                                                            (325,date('2024-01-15'),null,11),
                                                            (326,date('2024-01-16'),null,11),
                                                            (327,date('2024-01-17'),null,11),
                                                            (328,date('2024-01-18'),null,11),
                                                            (329,date('2024-01-19'),null,11),
                                                            (330,date('2024-01-20'),null,11),
                                                            (331,date('2024-01-21'),null,11),
                                                            (332,date('2024-01-22'),null,11),
                                                            (333,date('2024-01-23'),null,11),
                                                            (334,date('2024-01-24'),null,11),
                                                            (335,date('2024-01-25'),null,11),
                                                            (336,date('2024-01-26'),null,11),
                                                            (337,date('2024-01-27'),null,11),
                                                            (338,date('2024-01-28'),null,11),
                                                            (339,date('2024-01-29'),null,11),
                                                            (340,date('2024-01-30'),null,11),
                                                            (341,date('2024-01-31'),null,11),
                                                            (342,date('2024-01-01'),null,12),
                                                            (343,date('2024-01-02'),null,12),
                                                            (344,date('2024-01-03'),null,12),
                                                            (345,date('2024-01-04'),null,12),
                                                            (346,date('2024-01-05'),null,12),
                                                            (347,date('2024-01-06'),null,12),
                                                            (348,date('2024-01-07'),null,12),
                                                            (349,date('2024-01-08'),null,12),
                                                            (350,date('2024-01-09'),null,12),
                                                            (351,date('2024-01-10'),null,12),
                                                            (352,date('2024-01-11'),null,12),
                                                            (353,date('2024-01-12'),null,12),
                                                            (354,date('2024-01-13'),null,12),
                                                            (355,date('2024-01-14'),null,12),
                                                            (356,date('2024-01-15'),null,12),
                                                            (357,date('2024-01-16'),null,12),
                                                            (358,date('2024-01-17'),null,12),
                                                            (359,date('2024-01-18'),null,12),
                                                            (360,date('2024-01-19'),null,12),
                                                            (361,date('2024-01-20'),null,12),
                                                            (362,date('2024-01-21'),null,12),
                                                            (363,date('2024-01-22'),null,12),
                                                            (364,date('2024-01-23'),null,12),
                                                            (365,date('2024-01-24'),null,12),
                                                            (366,date('2024-01-25'),null,12),
                                                            (367,date('2024-01-26'),null,12),
                                                            (368,date('2024-01-27'),null,12),
                                                            (369,date('2024-01-28'),null,12),
                                                            (370,date('2024-01-29'),null,12),
                                                            (371,date('2024-01-30'),null,12),
                                                            (372,date('2024-01-31'),null,12),
                                                            (373,date('2024-01-01'),null,13),
                                                            (374,date('2024-01-02'),null,13),
                                                            (375,date('2024-01-03'),null,13),
                                                            (376,date('2024-01-04'),null,13),
                                                            (377,date('2024-01-05'),null,13),
                                                            (378,date('2024-01-06'),null,13),
                                                            (379,date('2024-01-07'),null,13),
                                                            (380,date('2024-01-08'),null,13),
                                                            (381,date('2024-01-09'),null,13),
                                                            (382,date('2024-01-10'),null,13),
                                                            (383,date('2024-01-11'),null,13),
                                                            (384,date('2024-01-12'),null,13),
                                                            (385,date('2024-01-13'),null,13),
                                                            (386,date('2024-01-14'),null,13),
                                                            (387,date('2024-01-15'),null,13),
                                                            (388,date('2024-01-16'),null,13),
                                                            (389,date('2024-01-17'),null,13),
                                                            (390,date('2024-01-18'),null,13),
                                                            (391,date('2024-01-19'),null,13),
                                                            (392,date('2024-01-20'),null,13),
                                                            (393,date('2024-01-21'),null,13),
                                                            (394,date('2024-01-22'),null,13),
                                                            (395,date('2024-01-23'),null,13),
                                                            (396,date('2024-01-24'),null,13),
                                                            (397,date('2024-01-25'),null,13),
                                                            (398,date('2024-01-26'),null,13),
                                                            (399,date('2024-01-27'),null,13),
                                                            (400,date('2024-01-28'),null,13),
                                                            (401,date('2024-01-29'),null,13),
                                                            (402,date('2024-01-30'),null,13),
                                                            (403,date('2024-01-31'),null,13),
                                                            (404,date('2024-01-01'),null,14),
                                                            (405,date('2024-01-02'),null,14),
                                                            (406,date('2024-01-03'),null,14),
                                                            (407,date('2024-01-04'),null,14),
                                                            (408,date('2024-01-05'),null,14),
                                                            (409,date('2024-01-06'),null,14),
                                                            (410,date('2024-01-07'),null,14),
                                                            (411,date('2024-01-08'),null,14),
                                                            (412,date('2024-01-09'),null,14),
                                                            (413,date('2024-01-10'),null,14),
                                                            (414,date('2024-01-11'),null,14),
                                                            (415,date('2024-01-12'),null,14),
                                                            (416,date('2024-01-13'),null,14),
                                                            (417,date('2024-01-14'),null,14),
                                                            (418,date('2024-01-15'),null,14),
                                                            (419,date('2024-01-16'),null,14),
                                                            (420,date('2024-01-17'),null,14),
                                                            (421,date('2024-01-18'),null,14),
                                                            (422,date('2024-01-19'),null,14),
                                                            (423,date('2024-01-20'),null,14),
                                                            (424,date('2024-01-21'),null,14),
                                                            (425,date('2024-01-22'),null,14),
                                                            (426,date('2024-01-23'),null,14),
                                                            (427,date('2024-01-24'),null,14),
                                                            (428,date('2024-01-25'),null,14),
                                                            (429,date('2024-01-26'),null,14),
                                                            (430,date('2024-01-27'),null,14),
                                                            (431,date('2024-01-28'),null,14),
                                                            (432,date('2024-01-29'),null,14),
                                                            (433,date('2024-01-30'),null,14),
                                                            (434,date('2024-01-31'),null,14),
                                                            (435,date('2024-01-01'),null,15),
                                                            (436,date('2024-01-02'),null,15),
                                                            (437,date('2024-01-03'),null,15),
                                                            (438,date('2024-01-04'),null,15),
                                                            (439,date('2024-01-05'),null,15),
                                                            (440,date('2024-01-06'),null,15),
                                                            (441,date('2024-01-07'),null,15),
                                                            (442,date('2024-01-08'),null,15),
                                                            (443,date('2024-01-09'),null,15),
                                                            (444,date('2024-01-10'),null,15),
                                                            (445,date('2024-01-11'),null,15),
                                                            (446,date('2024-01-12'),null,15),
                                                            (447,date('2024-01-13'),null,15),
                                                            (448,date('2024-01-14'),null,15),
                                                            (449,date('2024-01-15'),null,15),
                                                            (450,date('2024-01-16'),null,15),
                                                            (451,date('2024-01-17'),null,15),
                                                            (452,date('2024-01-18'),null,15),
                                                            (453,date('2024-01-19'),null,15),
                                                            (454,date('2024-01-20'),null,15),
                                                            (455,date('2024-01-21'),null,15),
                                                            (456,date('2024-01-22'),null,15),
                                                            (457,date('2024-01-23'),null,15),
                                                            (458,date('2024-01-24'),null,15),
                                                            (459,date('2024-01-25'),null,15),
                                                            (460,date('2024-01-26'),null,15),
                                                            (461,date('2024-01-27'),null,15),
                                                            (462,date('2024-01-28'),null,15),
                                                            (463,date('2024-01-29'),null,15),
                                                            (464,date('2024-01-30'),null,15),
                                                            (465,date('2024-01-31'),null,15),
                                                            (466,date('2024-01-01'),null,16),
                                                            (467,date('2024-01-02'),null,16),
                                                            (468,date('2024-01-03'),null,16),
                                                            (469,date('2024-01-04'),null,16),
                                                            (470,date('2024-01-05'),null,16),
                                                            (471,date('2024-01-06'),null,16),
                                                            (472,date('2024-01-07'),null,16),
                                                            (473,date('2024-01-08'),null,16),
                                                            (474,date('2024-01-09'),null,16),
                                                            (475,date('2024-01-10'),null,16),
                                                            (476,date('2024-01-11'),null,16),
                                                            (477,date('2024-01-12'),null,16),
                                                            (478,date('2024-01-13'),null,16),
                                                            (479,date('2024-01-14'),null,16),
                                                            (480,date('2024-01-15'),null,16),
                                                            (481,date('2024-01-16'),null,16),
                                                            (482,date('2024-01-17'),null,16),
                                                            (483,date('2024-01-18'),null,16),
                                                            (484,date('2024-01-19'),null,16),
                                                            (485,date('2024-01-20'),null,16),
                                                            (486,date('2024-01-21'),null,16),
                                                            (487,date('2024-01-22'),null,16),
                                                            (488,date('2024-01-23'),null,16),
                                                            (489,date('2024-01-24'),null,16),
                                                            (490,date('2024-01-25'),null,16),
                                                            (491,date('2024-01-26'),null,16),
                                                            (492,date('2024-01-27'),null,16),
                                                            (493,date('2024-01-28'),null,16),
                                                            (494,date('2024-01-29'),null,16),
                                                            (495,date('2024-01-30'),null,16),
                                                            (496,date('2024-01-31'),null,16),
                                                            (497,date('2024-01-01'),null,17),
                                                            (498,date('2024-01-02'),null,17),
                                                            (499,date('2024-01-03'),null,17),
                                                            (500,date('2024-01-04'),null,17),
                                                            (501,date('2024-01-05'),null,17),
                                                            (502,date('2024-01-06'),null,17),
                                                            (503,date('2024-01-07'),null,17),
                                                            (504,date('2024-01-08'),null,17),
                                                            (505,date('2024-01-09'),null,17),
                                                            (506,date('2024-01-10'),null,17),
                                                            (507,date('2024-01-11'),null,17),
                                                            (508,date('2024-01-12'),null,17),
                                                            (509,date('2024-01-13'),null,17),
                                                            (510,date('2024-01-14'),null,17),
                                                            (511,date('2024-01-15'),null,17),
                                                            (512,date('2024-01-16'),null,17),
                                                            (513,date('2024-01-17'),null,17),
                                                            (514,date('2024-01-18'),null,17),
                                                            (515,date('2024-01-19'),null,17),
                                                            (516,date('2024-01-20'),null,17),
                                                            (517,date('2024-01-21'),null,17),
                                                            (518,date('2024-01-22'),null,17),
                                                            (519,date('2024-01-23'),null,17),
                                                            (520,date('2024-01-24'),null,17),
                                                            (521,date('2024-01-25'),null,17),
                                                            (522,date('2024-01-26'),null,17),
                                                            (523,date('2024-01-27'),null,17),
                                                            (524,date('2024-01-28'),null,17),
                                                            (525,date('2024-01-29'),null,17),
                                                            (526,date('2024-01-30'),null,17),
                                                            (527,date('2024-01-31'),null,17),
                                                            (528,date('2024-01-01'),null,18),
                                                            (529,date('2024-01-02'),null,18),
                                                            (530,date('2024-01-03'),null,18),
                                                            (531,date('2024-01-04'),null,18),
                                                            (532,date('2024-01-05'),null,18),
                                                            (533,date('2024-01-06'),null,18),
                                                            (534,date('2024-01-07'),null,18),
                                                            (535,date('2024-01-08'),null,18),
                                                            (536,date('2024-01-09'),null,18),
                                                            (537,date('2024-01-10'),null,18),
                                                            (538,date('2024-01-11'),null,18),
                                                            (539,date('2024-01-12'),null,18),
                                                            (540,date('2024-01-13'),null,18),
                                                            (541,date('2024-01-14'),null,18),
                                                            (542,date('2024-01-15'),null,18),
                                                            (543,date('2024-01-16'),null,18),
                                                            (544,date('2024-01-17'),null,18),
                                                            (545,date('2024-01-18'),null,18),
                                                            (546,date('2024-01-19'),null,18),
                                                            (547,date('2024-01-20'),null,18),
                                                            (548,date('2024-01-21'),null,18),
                                                            (549,date('2024-01-22'),null,18),
                                                            (550,date('2024-01-23'),null,18),
                                                            (551,date('2024-01-24'),null,18),
                                                            (552,date('2024-01-25'),null,18),
                                                            (553,date('2024-01-26'),null,18),
                                                            (554,date('2024-01-27'),null,18),
                                                            (555,date('2024-01-28'),null,18),
                                                            (556,date('2024-01-29'),null,18),
                                                            (557,date('2024-01-30'),null,18),
                                                            (558,date('2024-01-31'),null,18),
                                                            (559,date('2024-01-01'),null,19),
                                                            (560,date('2024-01-02'),null,19),
                                                            (561,date('2024-01-03'),null,19),
                                                            (562,date('2024-01-04'),null,19),
                                                            (563,date('2024-01-05'),null,19),
                                                            (564,date('2024-01-06'),null,19),
                                                            (565,date('2024-01-07'),null,19),
                                                            (566,date('2024-01-08'),null,19),
                                                            (567,date('2024-01-09'),null,19),
                                                            (568,date('2024-01-10'),null,19),
                                                            (569,date('2024-01-11'),null,19),
                                                            (570,date('2024-01-12'),null,19),
                                                            (571,date('2024-01-13'),null,19),
                                                            (572,date('2024-01-14'),null,19),
                                                            (573,date('2024-01-15'),null,19),
                                                            (574,date('2024-01-16'),null,19),
                                                            (575,date('2024-01-17'),null,19),
                                                            (576,date('2024-01-18'),null,19),
                                                            (577,date('2024-01-19'),null,19),
                                                            (578,date('2024-01-20'),null,19),
                                                            (579,date('2024-01-21'),null,19),
                                                            (580,date('2024-01-22'),null,19),
                                                            (581,date('2024-01-23'),null,19),
                                                            (582,date('2024-01-24'),null,19),
                                                            (583,date('2024-01-25'),null,19),
                                                            (584,date('2024-01-26'),null,19),
                                                            (585,date('2024-01-27'),null,19),
                                                            (586,date('2024-01-28'),null,19),
                                                            (587,date('2024-01-29'),null,19),
                                                            (588,date('2024-01-30'),null,19),
                                                            (589,date('2024-01-31'),null,19);


